{"lr": 0.0009909819639278557, "data_time": 0.013588805198669434, "loss": 3.9985362243652345, "loss_mask": 2.940391893386841, "loss_cls": 1.0581443476676942, "time": 0.15920494079589845, "epoch": 1, "iter": 50, "memory": 7355, "step": 50}
{"lr": 0.0019919839679358718, "data_time": 0.011094107627868652, "loss": 3.8877439308166504, "loss_mask": 2.94057909488678, "loss_cls": 0.9471648287773132, "time": 0.1465044116973877, "epoch": 1, "iter": 100, "memory": 7360, "step": 100}
{"lr": 0.002992985971943887, "data_time": 0.008556628227233886, "loss": 3.8391746187210085, "loss_mask": 2.939976863861084, "loss_cls": 0.8991977465152741, "time": 0.1437186050415039, "epoch": 1, "iter": 150, "memory": 7361, "step": 150}
{"lr": 0.003993987975951902, "data_time": 0.01018563747406006, "loss": 3.830458416938782, "loss_mask": 2.939881443977356, "loss_cls": 0.8905769789218902, "time": 0.1465717363357544, "epoch": 1, "iter": 200, "memory": 7354, "step": 200}
{"lr": 0.004994989979959916, "data_time": 0.010132827758789063, "loss": 3.98419659614563, "loss_mask": 2.93913694858551, "loss_cls": 1.0450596559047698, "time": 0.14373783588409425, "epoch": 1, "iter": 250, "memory": 7361, "step": 250}
{"lr": 0.0059959919839679245, "data_time": 0.009945139884948731, "loss": 3.8533560609817505, "loss_mask": 2.937682619094849, "loss_cls": 0.915673451423645, "time": 0.1477476739883423, "epoch": 1, "iter": 300, "memory": 7360, "step": 300}
{"lr": 0.00699699398797594, "data_time": 0.00937535285949707, "loss": 4.119682016372681, "loss_mask": 2.9358205127716066, "loss_cls": 1.1838614964485168, "time": 0.14530980587005615, "epoch": 1, "iter": 350, "memory": 7359, "step": 350}
{"lr": 0.007997995991983954, "data_time": 0.009536199569702149, "loss": 8.21577368736267, "loss_mask": 2.9361387395858767, "loss_cls": 5.279634908437729, "time": 0.14902920246124268, "epoch": 1, "iter": 400, "memory": 7359, "step": 400}
{"lr": 0.00899899799599197, "data_time": 0.009954314231872558, "loss": 4.454927177429199, "loss_mask": 2.9317055702209474, "loss_cls": 1.523221583366394, "time": 0.1466554307937622, "epoch": 1, "iter": 450, "memory": 7355, "step": 450}
{"lr": 0.009999999999999976, "data_time": 0.012352681159973145, "loss": 4.691348752975464, "loss_mask": 2.9296254968643187, "loss_cls": 1.761723279953003, "time": 0.14820294380187987, "epoch": 1, "iter": 500, "memory": 7359, "step": 500}
{"lr": 0.009999999999999976, "data_time": 0.009320707321166992, "loss": 4.420337238311768, "loss_mask": 2.912452054023743, "loss_cls": 1.5078851652145386, "time": 0.14406906604766845, "epoch": 1, "iter": 550, "memory": 7360, "step": 550}
{"lr": 0.009999999999999976, "data_time": 0.012467021942138673, "loss": 11.901593155860901, "loss_mask": 2.8799487924575806, "loss_cls": 9.021644440889359, "time": 0.14399750232696534, "epoch": 1, "iter": 600, "memory": 7352, "step": 600}
