{"lr": 0.009994542389608127, "data_time": 0.004153609275817871, "loss": 1.3114619195461272, "decode.loss_ce": 1.3114619195461272, "decode.acc_seg": 62.44559860229492, "time": 0.06506519317626953, "iter": 50, "memory": 35692, "step": 50}
{"lr": 0.009988973054603395, "data_time": 0.004202461242675782, "loss": 0.790012526512146, "decode.loss_ce": 0.790012526512146, "decode.acc_seg": 88.66835021972656, "time": 0.06484160423278809, "iter": 100, "memory": 2999, "step": 100}
{"lr": 0.00998340337106865, "data_time": 0.003868579864501953, "loss": 1.2327537178993224, "decode.loss_ce": 1.2327537178993224, "decode.acc_seg": 58.57900619506836, "time": 0.06448626518249512, "iter": 150, "memory": 2999, "step": 150}
{"lr": 0.009977833338763812, "data_time": 0.0040101766586303714, "loss": 0.6200649499893188, "decode.loss_ce": 0.6200649499893188, "decode.acc_seg": 64.10256958007812, "time": 0.0651939868927002, "iter": 200, "memory": 2999, "step": 200}
{"lr": 0.009972262957448508, "data_time": 0.004179120063781738, "loss": 0.7333311140537262, "decode.loss_ce": 0.7333311140537262, "decode.acc_seg": 65.5973129272461, "time": 0.06557707786560059, "iter": 250, "memory": 2999, "step": 250}
{"lr": 0.009966692226882018, "data_time": 0.004018354415893555, "loss": 0.6648870706558228, "decode.loss_ce": 0.6648870706558228, "decode.acc_seg": 83.38848876953125, "time": 0.06543278694152832, "iter": 300, "memory": 2999, "step": 300}
{"lr": 0.009961121146823335, "data_time": 0.0040852069854736325, "loss": 0.5397011518478394, "decode.loss_ce": 0.5397011518478394, "decode.acc_seg": 77.48320007324219, "time": 0.06550710201263428, "iter": 350, "memory": 2999, "step": 350}
{"lr": 0.009955549717031104, "data_time": 0.004092216491699219, "loss": 0.5565201222896576, "decode.loss_ce": 0.5565201222896576, "decode.acc_seg": 89.5986328125, "time": 0.06543281078338622, "iter": 400, "memory": 2999, "step": 400}
{"lr": 0.009949977937263675, "data_time": 0.004064536094665528, "loss": 0.7191673129796982, "decode.loss_ce": 0.7191673129796982, "decode.acc_seg": 88.64794921875, "time": 0.06582331657409668, "iter": 450, "memory": 2999, "step": 450}
{"lr": 0.009944405807279068, "data_time": 0.004167032241821289, "loss": 0.4842787578701973, "decode.loss_ce": 0.4842787578701973, "decode.acc_seg": 92.98381042480469, "time": 0.0656287431716919, "iter": 500, "memory": 2999, "step": 500}
{"lr": 0.009938833326834986, "data_time": 0.0041710853576660155, "loss": 0.5956638589501381, "decode.loss_ce": 0.5956638589501381, "decode.acc_seg": 89.40262603759766, "time": 0.06527986526489257, "iter": 550, "memory": 2999, "step": 550}
{"lr": 0.009933260495688814, "data_time": 0.004257416725158692, "loss": 0.5173010170459748, "decode.loss_ce": 0.5173010170459748, "decode.acc_seg": 82.60236358642578, "time": 0.06600766181945801, "iter": 600, "memory": 2999, "step": 600}
{"lr": 0.009927687313597623, "data_time": 0.004090571403503418, "loss": 0.5840273857116699, "decode.loss_ce": 0.5840273857116699, "decode.acc_seg": 82.76558685302734, "time": 0.06627225875854492, "iter": 650, "memory": 2999, "step": 650}
{"lr": 0.00992211378031814, "data_time": 0.0038764238357543944, "loss": 0.7248563468456268, "decode.loss_ce": 0.7248563468456268, "decode.acc_seg": 72.9310531616211, "time": 0.06570308208465576, "iter": 700, "memory": 2999, "step": 700}
{"lr": 0.009916539895606803, "data_time": 0.003956317901611328, "loss": 0.48564883768558503, "decode.loss_ce": 0.48564883768558503, "decode.acc_seg": 84.44680786132812, "time": 0.0657963514328003, "iter": 750, "memory": 2999, "step": 750}
{"lr": 0.009910965659219699, "data_time": 0.003997278213500976, "loss": 0.45577306151390073, "decode.loss_ce": 0.45577306151390073, "decode.acc_seg": 90.28643035888672, "time": 0.06550281047821045, "iter": 800, "memory": 2999, "step": 800}
{"lr": 0.009905391070912595, "data_time": 0.003983020782470703, "loss": 0.4671449810266495, "decode.loss_ce": 0.4671449810266495, "decode.acc_seg": 89.24565124511719, "time": 0.0658864974975586, "iter": 850, "memory": 2999, "step": 850}
{"lr": 0.009899816130440945, "data_time": 0.004265713691711426, "loss": 0.4203789472579956, "decode.loss_ce": 0.4203789472579956, "decode.acc_seg": 93.26935577392578, "time": 0.06656696796417236, "iter": 900, "memory": 2999, "step": 900}
{"lr": 0.00989424083755987, "data_time": 0.004210543632507324, "loss": 0.32697409242391584, "decode.loss_ce": 0.32697409242391584, "decode.acc_seg": 91.68842315673828, "time": 0.06652958393096924, "iter": 950, "memory": 2999, "step": 950}
{"lr": 0.009888665192024167, "data_time": 0.004531717300415039, "loss": 0.45578858256340027, "decode.loss_ce": 0.45578858256340027, "decode.acc_seg": 89.07009887695312, "time": 0.06667189598083496, "iter": 1000, "memory": 2999, "step": 1000}
{"lr": 0.009883089193588315, "data_time": 0.004032278060913086, "loss": 0.4679459273815155, "decode.loss_ce": 0.4679459273815155, "decode.acc_seg": 80.33428192138672, "time": 0.06572880744934081, "iter": 1050, "memory": 2999, "step": 1050}
{"lr": 0.009877512842006468, "data_time": 0.004043674468994141, "loss": 0.5243222862482071, "decode.loss_ce": 0.5243222862482071, "decode.acc_seg": 67.91438293457031, "time": 0.06634938716888428, "iter": 1100, "memory": 2999, "step": 1100}
{"lr": 0.00987193613703243, "data_time": 0.004033493995666504, "loss": 0.3490758791565895, "decode.loss_ce": 0.3490758791565895, "decode.acc_seg": 84.23308563232422, "time": 0.06662371158599853, "iter": 1150, "memory": 2999, "step": 1150}
{"lr": 0.009866359078419701, "data_time": 0.004149293899536133, "loss": 0.43679443597793577, "decode.loss_ce": 0.43679443597793577, "decode.acc_seg": 85.81612396240234, "time": 0.06538634300231934, "iter": 1200, "memory": 2999, "step": 1200}
{"lr": 0.009860781665921445, "data_time": 0.004070782661437988, "loss": 0.4557338088750839, "decode.loss_ce": 0.4557338088750839, "decode.acc_seg": 90.32682037353516, "time": 0.06598186492919922, "iter": 1250, "memory": 2999, "step": 1250}
{"lr": 0.009855203899290491, "data_time": 0.00417325496673584, "loss": 0.4471563011407852, "decode.loss_ce": 0.4471563011407852, "decode.acc_seg": 89.5992431640625, "time": 0.06595497131347657, "iter": 1300, "memory": 2999, "step": 1300}
{"lr": 0.009849625778279346, "data_time": 0.004002499580383301, "loss": 0.45711437463760374, "decode.loss_ce": 0.45711437463760374, "decode.acc_seg": 83.06462097167969, "time": 0.06578795909881592, "iter": 1350, "memory": 2999, "step": 1350}
{"lr": 0.009844047302640187, "data_time": 0.00393679141998291, "loss": 0.33862087726593015, "decode.loss_ce": 0.33862087726593015, "decode.acc_seg": 94.6051254272461, "time": 0.06604373455047607, "iter": 1400, "memory": 2999, "step": 1400}
{"lr": 0.009838468472124853, "data_time": 0.004224133491516113, "loss": 0.5193919479846955, "decode.loss_ce": 0.5193919479846955, "decode.acc_seg": 77.25869750976562, "time": 0.06663434505462647, "iter": 1450, "memory": 2999, "step": 1450}
{"lr": 0.009832889286484858, "data_time": 0.004110455513000488, "loss": 0.6884338468313217, "decode.loss_ce": 0.6884338468313217, "decode.acc_seg": 75.23809051513672, "time": 0.06689908504486083, "iter": 1500, "memory": 2999, "step": 1500}
{"lr": 0.00982730974547137, "data_time": 0.004033350944519043, "loss": 0.5950581878423691, "decode.loss_ce": 0.5950581878423691, "decode.acc_seg": 90.7620849609375, "time": 0.06617810726165771, "iter": 1550, "memory": 2999, "step": 1550}
{"lr": 0.009821729848835233, "data_time": 0.00410921573638916, "loss": 0.5626269862055778, "decode.loss_ce": 0.5626269862055778, "decode.acc_seg": 72.05268859863281, "time": 0.06579914093017578, "iter": 1600, "memory": 2999, "step": 1600}
{"lr": 0.009816149596326975, "data_time": 0.004029774665832519, "loss": 0.43475923240184783, "decode.loss_ce": 0.43475923240184783, "decode.acc_seg": 70.9568099975586, "time": 0.06564111709594726, "iter": 1650, "memory": 2999, "step": 1650}
{"lr": 0.009810568987696767, "data_time": 0.00402839183807373, "loss": 0.3666746184229851,