{"lr": 0.0019819639278557113, "data_time": 0.005058927536010742, "loss": 2.496195225715637, "loss_rpn_cls": 0.668251839876175, "loss_rpn_bbox": 0.11208546433597803, "loss_cls": 1.6922902975976468, "acc": 98.53515625, "loss_bbox": 0.023567625898867847, "time": 0.08711472988128661, "epoch": 1, "iter": 50, "memory": 3878, "step": 50}
{"lr": 0.0039839679358717435, "data_time": 0.002568058967590332, "loss": 1.0591867846250533, "loss_rpn_cls": 0.3895317965745926, "loss_rpn_bbox": 0.0738778130710125, "loss_cls": 0.5178845436871051, "acc": 96.484375, "loss_bbox": 0.07789264283841475, "time": 0.08409784317016601, "epoch": 1, "iter": 100, "memory": 3876, "step": 100}
{"lr": 0.005985971943887774, "data_time": 0.0025900650024414064, "loss": 1.1606076329946518, "loss_rpn_cls": 0.28837934613227845, "loss_rpn_bbox": 0.12563390165567398, "loss_cls": 0.5300704242289066, "acc": 90.72265625, "loss_bbox": 0.21652396502904594, "time": 0.08417288303375244, "epoch": 1, "iter": 150, "memory": 3875, "step": 150}
{"lr": 0.007987975951903804, "data_time": 0.0025945520401000977, "loss": 1.0523770642280579, "loss_rpn_cls": 0.2499426421523094, "loss_rpn_bbox": 0.1156248625088483, "loss_cls": 0.4710653787851334, "acc": 93.359375, "loss_bbox": 0.2157441782951355, "time": 0.08383893966674805, "epoch": 1, "iter": 200, "memory": 3876, "step": 200}
{"lr": 0.009989979959919832, "data_time": 0.00258725643157959, "loss": 1.0261975240707397, "loss_rpn_cls": 0.21156972661614418, "loss_rpn_bbox": 0.09725103572010994, "loss_cls": 0.47697743386030195, "acc": 85.15625, "loss_bbox": 0.24039933522231877, "time": 0.08346847534179687, "epoch": 1, "iter": 250, "memory": 3879, "step": 250}
{"lr": 0.011991983967935849, "data_time": 0.0025832080841064454, "loss": 0.8532859885692596, "loss_rpn_cls": 0.1715628531575203, "loss_rpn_bbox": 0.09720464644953608, "loss_cls": 0.39336062014102935, "acc": 94.43359375, "loss_bbox": 0.19115786865353585, "time": 0.08335114479064941, "epoch": 1, "iter": 300, "memory": 3876, "step": 300}
{"lr": 0.01399398797595188, "data_time": 0.002536582946777344, "loss": 0.8690145277976989, "loss_rpn_cls": 0.15724168315529824, "loss_rpn_bbox": 0.09297763966023923, "loss_cls": 0.4148014655709267, "acc": 95.01953125, "loss_bbox": 0.2039937347173691, "time": 0.0838899278640747, "epoch": 1, "iter": 350, "memory": 3879, "step": 350}
{"lr": 0.015995991983967908, "data_time": 0.002597513198852539, "loss": 0.9569276368618012, "loss_rpn_cls": 0.1635917291790247, "loss_rpn_bbox": 0.1046742831543088, "loss_cls": 0.44603773713111877, "acc": 90.8203125, "loss_bbox": 0.24262388475239277, "time": 0.0852123212814331, "epoch": 1, "iter": 400, "memory": 3876, "step": 400}
{"lr": 0.01799799599198394, "data_time": 0.002649402618408203, "loss": 0.9171295094490052, "loss_rpn_cls": 0.1416569299250841, "loss_rpn_bbox": 0.08973990682512521, "loss_cls": 0.42548582196235657, "acc": 95.5078125, "loss_bbox": 0.26024685978889467, "time": 0.08519818782806396, "epoch": 1, "iter": 450, "memory": 3879, "step": 450}
{"lr": 0.019999999999999952, "data_time": 0.002556290626525879, "loss": 0.8735415476560593, "loss_rpn_cls": 0.10783364564180374, "loss_rpn_bbox": 0.07397485335357487, "loss_cls": 0.4349856519699097, "acc": 91.89453125, "loss_bbox": 0.2567473905533552, "time": 0.0841294765472412, "epoch": 1, "iter": 500, "memory": 3876, "step": 500}
{"lr": 0.019999999999999952, "data_time": 0.002477254867553711, "loss": 0.9960410118103027, "loss_rpn_cls": 0.11749603807926177, "loss_rpn_bbox": 0.08862601920962333, "loss_cls": 0.491639147400856, "acc": 97.8515625, "loss_bbox": 0.29827981054782865, "time": 0.08389820098876953, "epoch": 1, "iter": 550, "memory": 3879, "step": 550}
{"lr": 0.019999999999999952, "data_time": 0.0025166702270507813, "loss": 1.026856085062027, "loss_rpn_cls": 0.11656595643609763, "loss_rpn_bbox": 0.09289436273276806, "loss_cls": 0.5016453978419304, "acc": 94.140625, "loss_bbox": 0.315750367641449, "time": 0.0847876501083374, "epoch": 1, "iter": 600, "memory": 3876, "step": 600}
{"lr": 0.019999999999999952, "data_time": 0.0025736331939697266, "loss": 1.0581860744953155, "loss_rpn_cls": 0.13115883495658637, "loss_rpn_bbox": 0.09650320891290903, "loss_cls": 0.5082880893349647, "acc": 93.45703125, "loss_bbox": 0.3222359421849251, "time": 0.08389739990234375, "epoch": 1, "iter": 650, "memory": 3876, "step": 650}
{"lr": 0.019999999999999952, "data_time": 0.0025839853286743165, "loss": 1.0905799162387848, "loss_rpn_cls": 0.1356275987997651, "loss_rpn_bbox": 0.09816963195800782, "loss_cls": 0.5306933933496475, "acc": 89.16015625, "loss_bbox": 0.3260892941057682, "time": 0.08357551097869872, "epoch": 1, "iter": 700, "memory": 3880, "step": 700}
{"lr": 0.019999999999999952, "data_time": 0.0026164722442626955, "loss": 1.018578320145607, "loss_rpn_cls": 0.12170884042978286, "loss_rpn_bbox": 0.08841839086264372, "loss_cls": 0.49264696300029753, "acc": 89.35546875, "loss_bbox": 0.3158041249215603, "time": 0.08425547599792481, "epoch": 1, "iter": 750, "memory": 3879, "step": 750}
{"lr": 0.019999999999999952, "data_time": 0.002564845085144043, "loss": 1.0702504205703736, "loss_rpn_cls": 0.11759185008704662, "loss_rpn_bbox": 0.10286231238394976, "loss_cls": 0.5233804953098297, "acc": 91.9921875, "loss_bbox": 0.3264157524704933, "time": 0.08536449432373047, "epoch": 1, "iter": 800, "memory": 3879, "step": 800}
{"lr": 0.019999999999999952, "data_time": 0.002645382881164551, "loss": 1.140257773399353, "loss_rpn_cls": 0.11410973642021417, "loss_rpn_bbox": 0.10883624743670225, "loss_cls": 0.558371573984623, "acc": 94.43359375, "loss_bbox": 0.35894021943211557, "time": 0.08423223972320557, "epoch": 1, "iter": 850, "memory": 3875, "step": 850}
{"lr": 0.019999999999999952, "data_time": 0.002687530517578125, "loss": 1.1063084888458252, "loss_rpn_cls": 0.11579647615551948, "loss_rpn_bbox": 0.08095616683363914, "loss_cls": 0.5739475327730179, "acc": 84.765625, "loss_bbox": 0.33560830399394037, "time": 0.08450909614562989, "epoch": 1, "iter": 900, "memory": 3876, "step": 900}
{"lr": 0.019999999999999952, "data_time": 0.0026714563369750976, "loss": 1.1422745430469512, "loss_rpn_cls": 0.10955229066312314, "loss_rpn_bbox": 0.0922132513485849, "loss_cls": 0.5856687441468239, "acc": 92.7734375, "loss_bbox": 0.35484025835990907, "time": 0.08490406990051269, "epoch": 1, "iter": 950, "memory": 3881, "step": 950}
{"lr": 0.019999999999999952, "data_time": 0.0026265954971313476, "loss": 1.1250893652439118, "loss_rpn_cls": 0.10511626947671175, "loss_rpn_bbox": 0.08433695761486888, "loss_cls": 0.5793546256422997, "acc": 97.0703125, "loss_bbox": 0.356281515955925, "time": 0.08501185417175293, "epoch": 1, "iter": 1000, "memory": 3879, "step": 1000}
{"lr": 0.019999999999999952, "data_time": 0.0026229572296142577, "loss": 1.1132404756546022, "loss_rpn_cls": 0.11770622454583644, "loss_rpn_bbox": 0.09021081183105707, "loss_cls": 0.5558436611294746, "acc": 92.1875, "loss_bbox": 0.34947978138923647, "time": 0.08429657459259034, "epoch": 1, "iter": 1050, "memory": 3879, "step": 1050}
{"lr": 0.019999999999999952, "data_time": 0.002783951759338379, "loss": 1.0788696348667144, "loss_rpn_cls": 0.11273277606815099, "loss_rpn_bbox": 0.0882288896292448, "loss_cls": 0.5246902373433113, "acc": 89.84375, "loss_bbox": 0.35321772664785384, "time": 0.08507287979125977, "epoch": 1, "iter": 1100, "memory": 3879, "step": 1100}
{"lr": 0.019999999999999952, "data_time": 0.002673177719116211, "loss": 1.1502884659171104, "loss_rpn_cls": 0.11554638337343931, "loss_rpn_bbox": 0.09830162934958935, "loss_cls": 0.5662959611415863, "acc": 86.62109375, "loss_bbox": 0.3701444831490517, "time": 0.08418127059936524, "epoch": 1, "iter": 1150, "memory": 3878, "step": 1150}
{"lr": 0.019999999999999952, "data_time": 0.0026665353775024415, "loss": 1.0659344202280046, "loss_rpn_cls": 0.09909309666603804, "loss_rpn_bbox": 0.08900916902348399, "loss_cls": 0.5365372863411904, "acc": 83.30078125, "loss_bbox": 0.3412948615849018, "time": 0.08481212615966797, "epoch": 1, "iter": 1200,