{"lr": 0.0019819639278557113, "data_time": 0.004061317443847657, "loss": 5.058814258575439, "loss_rpn_cls": 0.6937549495697022, "loss_rpn_bbox": 0.10071872821077704, "loss_cls": 4.18549829006195, "acc": 96.58203125, "loss_bbox": 0.07884233552147635, "time": 0.16296864032745362, "epoch": 1, "iter": 50, "memory": 3860, "step": 50}
{"lr": 0.0039839679358717435, "data_time": 0.0021485233306884764, "loss": 2.6123647141456603, "loss_rpn_cls": 0.6778190147876739, "loss_rpn_bbox": 0.10052056770771742, "loss_cls": 1.737593076825142, "acc": 95.99609375, "loss_bbox": 0.09643205542117357, "time": 0.1603947925567627, "epoch": 1, "iter": 100, "memory": 3860, "step": 100}
{"lr": 0.005985971943887774, "data_time": 0.0021413230895996095, "loss": 1.7168742799758911, "loss_rpn_cls": 0.6166023206710816, "loss_rpn_bbox": 0.11363553438335657, "loss_cls": 0.8786595889925957, "acc": 97.265625, "loss_bbox": 0.1079768576589413, "time": 0.15957237243652345, "epoch": 1, "iter": 150, "memory": 3863, "step": 150}
{"lr": 0.007987975951903804, "data_time": 0.0022690582275390627, "loss": 1.218507512807846, "loss_rpn_cls": 0.4878935182094574, "loss_rpn_bbox": 0.09665200550109149, "loss_cls": 0.4950024193525314, "acc": 93.26171875, "loss_bbox": 0.13895956874650436, "time": 0.16005273818969726, "epoch": 1, "iter": 200, "memory": 3860, "step": 200}
